<form xmlns:xsi="http://www.w3.org/2001/XMLSchema-instance" xsi:noNamespaceSchemaLocation="urn:magento:module:Magento_Ui:etc/ui_configuration.xsd">
<argument name="data" xsi:type="array">
<item name="js_config" xsi:type="array">
<item name="provider" xsi:type="string">seller_account_form.account_form_data_source</item>
</item>
<item name="label" xsi:type="string" translate="true">General Information</item>
<item name="template" xsi:type="string">templates/form/collapsible</item>
</argument>
<settings>
<buttons>
<button name="back" class="I95dev\Seller\Block\Adminhtml\Account\Edit\BackButton"/>
<button name="delete" class="I95dev\Seller\Block\Adminhtml\Account\Edit\DeleteButton"/>
<button name="reset" class="I95dev\Seller\Block\Adminhtml\Account\Edit\ResetButton"/>
<button name="save" class="I95dev\Seller\Block\Adminhtml\Account\Edit\SaveButton"/>
<button name="save_and_continue" class="I95dev\Seller\Block\Adminhtml\Account\Edit\SaveAndContinueButton"/>
</buttons>
<namespace>seller_account_form</namespace>
<dataScope>data</dataScope>
<deps>
<dep>seller_account_form.seller_form_data_source</dep>
</deps>
</settings>
<dataSource name="account_form_data_source">
<argument name="data" xsi:type="array">
<item name="js_config" xsi:type="array">
<item name="component" xsi:type="string">Magento_Ui/js/form/provider</item>
</item>
</argument>
<settings>
<submitUrl path="*/*/save"/>
</settings>
<dataProvider name="seller_form_data_source" class="I95dev\Seller\Model\Account\DataProvider">
<settings>
<requestFieldName>id</requestFieldName>
<primaryFieldName>id</primaryFieldName>
</settings>
</dataProvider>
</dataSource>
<fieldset name="general">
<settings>
<label>Seller</label>
</settings>
<field name="name" formElement="textarea" sortOrder="10">
<argument name="data" xsi:type="array">
<item name="config" xsi:type="array">
<item name="source" xsi:type="string">Account</item>
</item>
</argument>
<settings>
<dataType>text</dataType>
<label translate="true">Name</label>
<dataScope>name</dataScope>
<validation>
<rule name="required-entry" xsi:type="boolean">true</rule>
</validation>
</settings>
</field>
<field name="mobile_number" formElement="textarea" sortOrder="20">
<argument name="data" xsi:type="array">
<item name="config" xsi:type="array">
<item name="source" xsi:type="string">Account</item>
</item>
</argument>
<settings>
<dataType>text</dataType>
<label translate="true">Last Name</label>
<dataScope>mobile_number</dataScope>
<validation>
<rule name="required-entry" xsi:type="boolean">true</rule>
</validation>
</settings>
</field>
<field name="email" formElement="textarea" sortOrder="30">
<argument name="data" xsi:type="array">
<item name="config" xsi:type="array">
<item name="source" xsi:type="string">Account</item>
</item>
</argument>
<settings>
<dataType>text</dataType>
<label translate="true">Email</label>
<dataScope>email</dataScope>
<validation>
<rule name="required-entry" xsi:type="boolean">true</rule>
</validation>
</settings>
</field>
<field name="city" formElement="input" sortOrder="40">
<argument name="data" xsi:type="array">
<item name="config" xsi:type="array">
<item name="source" xsi:type="string">Account</item>
</item>
</argument>
<settings>
<dataType>text</dataType>
<label translate="true">city</label>
<dataScope>city</dataScope>

</settings>
</field>
<field name="state" formElement="textarea" sortOrder="50">
<argument name="data" xsi:type="array">
<item name="config" xsi:type="array">
<item name="source" xsi:type="string">Customform</item>
</item>
</argument>
<settings>
<dataType>text</dataType>
<label translate="true">state</label>
<dataScope>state</dataScope>

</settings>
</field>

<field name="country" formElement="textarea" sortOrder="50">
<argument name="data" xsi:type="array">
<item name="config" xsi:type="array">
<item name="source" xsi:type="string">Account</item>
</item>
</argument>
<settings>
<dataType>text</dataType>
<label translate="true">country</label>
<dataScope>country</dataScope>

</settings>
</field>

<field name="zipcode" formElement="textarea" sortOrder="50">
<argument name="data" xsi:type="array">
<item name="config" xsi:type="array">
<item name="source" xsi:type="string">Account</item>
</item>
</argument>
<settings>
<dataType>text</dataType>
<label translate="true">zipcode</label>
<dataScope>zipcode</dataScope>

</settings>
</field>



</fieldset>
</form>
